{
    "beta": [
        -0.05918722599744797,
        -1.404573917388916,
        0.567834198474884,
        2.9576308727264404,
        -2.4682250022888184,
        1.396301031112671,
        -2.7735977172851562,
        0.01994325965642929,
        1.4029638767242432,
        -0.6517577767372131
    ],
    "pose": [
        1.89116632938385,
        -1.4774889945983887,
        1.5709694623947144,
        -0.019245989620685577,
        0.08603266626596451,
        -0.2350616455078125,
        -0.1791149228811264,
        -0.3287944197654724,
        -0.21215911209583282,
        0.0276741161942482,
        0.20694074034690857,
        0.23081520199775696,
        -0.10753151774406433,
        -0.3232268989086151,
        0.08685030788183212,
        0.09569438546895981,
        -0.1353265643119812,
        -0.3829355239868164
    ],
    "trans": [
        -0.12553802132606506,
        -0.02912208065390587,
        0.5021505355834961
    ]
}